32135, the Ville, artist's co-living space
32145, the Ville, Luis Hernandez's apartment
32155, the Ville, Maya Okonkwo's apartment 
32165, the Ville, Denise Brooks's apartment
32175, the Ville, Giorgio Rossi's apartment
32185, the Ville, Carlos Gomez's apartment
32195, the Ville, The Rose and Crown Pub
32136, the Ville, Hobbs Cafe
32146, the Ville, Oak Hill College
32156, the Ville, Johnson Park
32166, the Ville, Harvey Oak Supply Store
32176, the Ville, The Willows Market and Pharmacy
32186, the Ville, Adam Smith's house
32196, the Ville, Elena Chen's house
32137, the Ville, Williams family's house
32147, the Ville, Tamara Taylor and Carmen Ortiz's house
32157, the Ville, Whitaker family's house
32167, the Ville, Nguyen family's house
32177, the Ville, Dorm for Oak Hill College