32285, the Ville, artist's co-living space, Aisha Rahman's room, sp-A
32295, the Ville, artist's co-living space, Rajiv Patel's room, sp-A
32305, the Ville, artist's co-living space, Rajiv Patel's room, sp-B
32315, the Ville, artist's co-living space, Abigail Chen's room, sp-A
32286, the Ville, artist's co-living space, Francisco Lopez's room, sp-A
32296, the Ville, artist's co-living space, Hailey Johnson's room, sp-A
32306, the Ville, Luis Hernandez's apartment, main room, sp-A
32316, the Ville, Luis Hernandez's apartment, main room, sp-B
32287, the Ville, Maya Okonkwo's apartment, main room, sp-A
32297, the Ville, Maya Okonkwo's apartment, main room, sp-B
32307, the Ville, Denise Brooks's apartment, main room, sp-A
32317, the Ville, Denise Brooks's apartment, main room, sp-B
32288, the Ville, Giorgio Rossi's apartment, main room, sp-A
32298, the Ville, Giorgio Rossi's apartment, main room, sp-B
32308, the Ville, Carlos Gomez's apartment, main room, sp-A
32318, the Ville, Carlos Gomez's apartment, main room, sp-B
32289, the Ville, Adam Smith's house, main room, sp-A
32299, the Ville, Adam Smith's house, main room, sp-B
32309, the Ville, Elena Chen's house, main room, sp-A
32319, the Ville, Elena Chen's house, main room, sp-B
32290, the Ville, Williams family's house, main room, sp-A
32300, the Ville, Williams family's house, main room, sp-B
32310, the Ville, Tamara Taylor and Carmen Ortiz's house, Tamara Taylor's room, sp-A
32320, the Ville, Tamara Taylor and Carmen Ortiz's house, Tamara Taylor's room, sp-B
32291, the Ville, Tamara Taylor and Carmen Ortiz's house, Carmen Ortiz's room, sp-A
32301, the Ville, Tamara Taylor and Carmen Ortiz's house, Carmen Ortiz's room, sp-B
32311, the Ville, Whitaker family's house, Tom Whitaker's bedroom, sp-A
32321, the Ville, Whitaker family's house, Tom Whitaker's bedroom, sp-B
32292, the Ville, Whitaker family's house, empty bedroom, sp-A
32302, the Ville, Whitaker family's house, empty bedroom, sp-B
32312, the Ville, Nguyen family's house, Rachel Nguyen's bedroom, sp-A
32322, the Ville, Nguyen family's house, Rachel Nguyen's bedroom, sp-B
32293, the Ville, Nguyen family's house, Nguyen kids' bedroom, sp-A
32303, the Ville, Nguyen family's house, Nguyen kids' bedroom, sp-B
32313, the Ville, Dorm for Oak Hill College, Klaus Mueller's room, sp-A
32323, the Ville, Dorm for Oak Hill College, Klaus Mueller's room, sp-B
32294, the Ville, Dorm for Oak Hill College, Maria Lopez's room, sp-A
32304, the Ville, Dorm for Oak Hill College, Ayesha Khan's room, sp-A
32314, the Ville, Dorm for Oak Hill College, Ayesha Khan's room, sp-B
32324, the Ville, Dorm for Oak Hill College, Wolfgang Schulz's room, sp-A